{"cameraMode":{"drawMode":0,"name":"Shaded","section":"Shading Mode"},"sceneLighting":true,"audioPlay":false,"sceneViewState":{"showFog":true,"showMaterialUpdate":false,"showSkybox":true,"showFlares":true,"showImageEffects":true,"showParticleSystems":true},"in2DMode":false,"pivot":{"x":-3.6304965019226076,"y":-1.33455491065979,"z":-1.8970314264297486},"rotation":{"x":0.30408433079719546,"y":-0.011431555263698101,"z":0.00364909996278584,"w":0.9525703191757202},"size":70.39848327636719,"orthographic":false}