{"cameraMode":{"drawMode":0,"name":"Shaded","section":"Shading Mode"},"sceneLighting":true,"audioPlay":false,"sceneViewState":{"showFog":true,"showMaterialUpdate":false,"showSkybox":true,"showFlares":true,"showImageEffects":true,"showParticleSystems":true},"in2DMode":false,"pivot":{"x":-0.28466796875,"y":-0.24658203125,"z":0.035888671875},"rotation":{"x":0.2621862292289734,"y":-0.5121102929115295,"z":0.1677207350730896,"w":0.8005448579788208},"size":3.2380645275115969,"orthographic":true}