{"cameraMode":{"drawMode":0,"name":"Shaded","section":"Shading Mode"},"sceneLighting":true,"audioPlay":false,"sceneViewState":{"showFog":true,"showMaterialUpdate":false,"showSkybox":true,"showFlares":true,"showImageEffects":true,"showParticleSystems":true},"in2DMode":false,"pivot":{"x":-0.08642578125,"y":-0.1806640625,"z":-0.1400146484375},"rotation":{"x":0.2728864252567291,"y":-0.7070428133010864,"z":0.3507441580295563,"w":0.5500938892364502},"size":3.7692627906799318,"orthographic":true}