{"cameraMode":{"drawMode":0,"name":"Shaded","section":"Shading Mode"},"sceneLighting":true,"audioPlay":false,"sceneViewState":{"showFog":true,"showMaterialUpdate":false,"showSkybox":true,"showFlares":true,"showImageEffects":true,"showParticleSystems":true},"in2DMode":false,"pivot":{"x":53.37592315673828,"y":63.26641845703125,"z":191.35809326171876},"rotation":{"x":-0.02100473828613758,"y":0.9722623825073242,"z":-0.21212409436702729,"w":-0.09627426415681839},"size":654.64111328125,"orthographic":false}